x_1,x_2,kmeans_label
-1.7191586880214338,-2.5001541967922565,1
-3.0024766986276785,-4.80185337996347,1
0.4694407712071246,1.5913335860700553,0
1.9680426050041429,-1.5064117530611552,1
-3.4134353747689357,0.4556472774669279,1
2.0525246503225363,1.1059033764235249,0
-0.7176908334070585,1.2405281233617425,0
-0.8612289971968915,-0.1131580656063811,1
-0.8230807428341,-0.1869167378753215,1
1.153624630226082,0.17935301504989457,0
3.2618979418155907,-4.830018676260159,1
0.7334026770563137,1.4672057746486795,0
0.4240197138076952,1.455076543045312,0
4.578527460053834,0.24935428083474853,0
1.0697787567392987,0.7640773558844758,0
4.964335898396959,1.6455143243334827,0
0.6736698344793245,1.7557651755641464,0
0.39291947180049613,0.7138165155806149,0
6.043056852658515,1.9480631799224633,0
-1.0600857114056845,-6.084610398606908,1
4.886340213827524,-3.2656547355579653,1
-0.0017086016433114886,0.10378402209666596,1
2.682732143506726,5.447731742117723,0
-5.431486637575889,-3.490532908054292,1
-2.4168552925836204,2.532648059171073,0
0.1724515131016309,-0.13205733398702124,1
-0.8117277941643252,0.01517725553876115,1
0.4844799726772083,-2.155634441173337,1
-6.035207786415731,-1.8368011802289939,1
2.573734255958697,4.2498668614921185,0
0.507495015359033,-3.295989479343717,1
-5.96983649110369,-0.08222811340826547,1
0.02249436918679717,-2.5641344272918607,1
-0.22381229895084523,-0.39897207135269835,1
1.224246623079925,-1.8541006854446904,1
-1.1951366877558967,-2.612795452740201,1
-4.356150723140316,3.7720892769477126,0
2.5856888336194066,0.6320789552596113,0
-0.6905431347656373,-0.08615754032202368,1
0.07837432260675252,0.23445565333171794,1
2.5619147364874983,-2.4951887548852185,1
2.922356264965063,-5.421775728245393,1
-1.9235850565123163,0.12372302978867414,1
-5.618933872387194,-2.868295057580749,1
-2.8363453821785294,1.170131717079482,1
0.5886253872640772,-2.426706476743536,1
-0.26454846616297123,0.692793304805199,0
-1.041792899328061,-1.8766681786292583,1
-1.5934275066789727,3.3060990795034604,0
5.105472271920117,-0.9398590775516218,0
-0.93726473960359,-0.0344861034294358,1
-4.5347529097561985,-0.8288132122045805,1
-1.02917537046151,1.379993116310901,0
-0.5340694902346523,2.1478694396008464,0
-2.053612323939699,1.2433734116797728,1
2.0748789074946075,-2.0200656998678754,1
0.8303563742875547,-0.5832191500218112,1
-1.770950110856517,2.9956137826499223,0
-1.5493757158996389,0.37171372804510244,1
-1.2656724220741602,-0.6213900249077708,1
-2.1935638811528326,-4.792200714610818,1
1.6732255811486847,2.501842034163488,0
3.0205780247265435,-4.942068281593296,1
4.424565313670422,-3.573628448463069,1
-0.11188548732314729,-4.974851254758324,1
2.9107946776306695,5.364402897472484,0
0.2565627714738663,2.8607276026666875,0
-2.1422064238713303,0.9854758532674345,1
-0.7899845196918379,3.0840057297556527,0
-3.131403598904064,3.4909213029531863,0
-1.1190224883727184,1.1968594902158405,0
-1.0822573256653683,3.6256626930304927,0
-0.4531182466765565,-2.5770824391926253,1
0.013882838591641033,0.24515346340097283,1
-1.3654397112988728,5.923995999535477,0
-4.944476308108632,-2.1980060527634078,1
-0.3079661633414667,-0.4604750012646844,1
-1.2573577457222365,-0.4226709569915452,1
2.4712629306212595,-0.90099802846388,1
2.9406954985893896,0.26376482367759874,0
-3.747571304833017,-5.035638179074672,1
0.37290611624334713,-0.6539962622632813,1
-1.6545732432148799,3.4710480571833267,0
2.8831649864324005,5.099442240631486,0
-3.2832358348725124,-5.573211333156916,1
2.05440369471963,-2.853781171196027,1
-4.162407042271493,3.255009279750724,0
0.25707779928321167,0.053395961635951866,1
-1.0437570400172016,-5.250769107791531,1
-5.587376232605337,1.6746008753543222,1
0.9152307183931944,-3.772632679932798,1
-3.9458934043574145,2.8294615736670847,0
-0.7091067162549539,-1.6824636811487512,1
1.8624053605113218,-2.593601082169572,1
1.7422598145197434,4.383294026560171,0
0.03952568349531325,0.2915277956424963,1
-0.2006216933001094,0.10906806995672234,1
-1.6664537343037658,-3.1129504746550216,1
2.169590890112799,-1.2376871680534287,1
-0.9978821068387232,3.3586993384844863,0
2.099472946454012,-5.4815896332264185,1
0.4077955656113789,-1.3422356095987849,1
0.01269789032119011,1.0629986573512533,0
-0.31126544707030174,-2.7528800407989467,1
-0.08852204793047247,-2.4031232300511642,1
-3.3477763284877566,2.1144089327245386,0
-4.544290781598092,1.2913177286584414,1
0.14500306065179266,6.031378571778396,0
-4.98352684819494,0.5232374137270355,1
1.6394736244453259,1.0210925971673022,0
1.4557587471022742,0.11279609240132936,0
0.5399502938652218,-1.036309799862957,1
1.8555781011255101,-3.1072597549216576,1
0.18034813385240006,-5.745474200803509,1
-0.13815148250088297,-0.14554394162209905,1
-0.22852546361701323,2.1505220762432935,0
-4.2029718531604985,1.8008348032692427,1
-1.1769185791923127,-1.634692366543685,1
-0.1108452766442191,-0.28490852678863354,1
1.460205865578308,-2.9358405581894345,1
-0.3391441767431071,-0.5116426474883545,1
0.21205770747230032,0.6749411286207704,0
-2.493292957712405,1.978755211308449,0
-3.5975415549285907,0.9406949829445502,1
-2.542947682888936,0.7087037647155303,1
-3.0436031790721683,1.790409273634651,0
-3.212111447011758,1.2540429316012864,1
0.8898334668522385,-0.3179951044262259,1
-3.4722516846710496,-5.411198466402089,1
1.2773240396012011,0.9419285923473099,0
1.3452376131649622,-1.7499255179115445,1
-0.13252819631762608,0.4981821571451055,0
-5.776345526409475,2.188023191599214,1
1.0980152772118266,-0.44101906013884656,1
0.6115607070304725,-2.1906269963942817,1
-2.4976143276914167,-1.8938948641917122,1
0.115725680047912,-0.6953380094251356,1
0.0029610488712459933,-0.0032756786565367015,1
-0.420462990120597,1.213309469725978,0
-2.7128006811014833,1.3086270809434075,1
2.609794108521181,-0.27183091272584775,0
-1.1367394260232428,-1.5862281826816453,1
2.369267433142191,5.282816048023386,0
-0.057719929721547776,-1.7237084154742712,1
0.06094842557993137,-2.975749118955142,1
-0.14701653713158236,2.0075196814651184,0
2.1072610056489345,1.4785406419281015,0
2.420163534983149,3.126916054251276,0
0.5861132691786455,-3.5987372648194897,1
-0.38462569243745526,0.15701988386599688,1
2.4400797397500003,-2.163753983080661,1
-1.0737698080385163,1.5268034180634624,0
-0.28731023263828265,0.6925276964389316,0
-2.026181637239884,6.124314842048761,0
0.8975747723969182,-6.0230243658652585,1
-3.96616528929784,-2.900992610999462,1
2.4539905710791796,5.9706188856093245,0
-2.1731249406358857,0.6851067458944953,1
-0.427401234250504,-0.3662922874207135,1
0.052736155975574565,0.3044535263995772,0
-1.998597734445834,-5.591995972364044,1
0.08459385048523556,-0.044957102188938815,1
-5.8186548807082685,0.19773663720224235,1
-0.1079746411139405,0.008069159198838327,1
-6.304535796699828,1.4468343110151165,1
1.6809911424775899,-0.15199973546529563,0
2.8057460046575984,-3.7602234709329503,1
-0.8042681729054132,0.3377283351166274,1
-3.2538384424379267,-0.753990815927078,1
0.17341033809753795,-0.07503588192076441,1
-1.2781160047314146,-1.8127720461534158,1
-3.4492596946811465,1.9126718466531878,0
-2.5939626042214154,1.5131287663831745,0
3.169025694418075,2.124872571735881,0
1.021968745462325,0.12393742277772807,0
-2.4571498825187597,-0.4408893585515104,1
-0.8247705492902774,-2.3256745408726553,1
0.9691894820566467,2.8312326798137173,0
-0.3008881280992932,5.720167948199515,0
-4.224597967379663,2.2803975601568265,0
4.684986157735414,-2.9571209111993735,1
-1.3165763171549127,-1.171087711846918,1
-6.16325215877441,1.7493057103899,1
-4.351700977418139,-2.858580298287641,1
-0.8308542648232282,4.868883886085704,0
-1.0544449847608899,4.472296675203752,0
1.932349271316859,-4.943184643064096,1
5.85172509516543,1.0947379799996377,0
0.5198456167254085,-1.154877968120297,1
-0.11512350643175893,2.79950773010433,0
0.14852024948848658,0.6232891959456616,0
0.32622196749222077,-0.3873386077143374,1
3.3020496528062426,1.6032919215583665,0
0.684488523579158,-4.6610369396128055,1
-1.9418785665249776,1.4567312513908426,0
-1.41167643436658,1.5443153115575194,0
-0.13530359895505245,-0.037952227921843745,1
-0.6133620258048605,-0.8066683525617109,1
-0.30315590151693855,0.8911799123068587,0
-3.446282117402328,-4.683068477705203,1
2.0725741606523855,1.3900287822044293,0
2.224067933399984,0.45614332181224687,0
0.5012727740290462,5.713012724314206,0
4.269160342915981,-3.7956909194410553,1
-6.362176430321441,-0.21642655708459038,1
1.7806311849085859,-5.174059316090185,1
-6.26382611509991,-1.1137508936208191,1
-2.6475796647699794,2.1810248317298653,0
-1.3198541766416612,-5.4118033798579654,1
-2.4313085532359047,-4.949775202735221,1
-0.27894446927319855,1.3236755986417044,0
4.530049628271005,0.19113998386573708,0
2.1239455239918366,-5.3395019494535845,1
0.08804841485380939,0.0332427566328302,1
2.4523895190454006,-1.124688361265022,1
0.6742634269336127,4.949455974744217,0
3.336262255196835,1.914253793621382,0
0.8821781498475919,0.43493393768566735,0
-4.771948402887649,3.242192519222007,0
2.5458152728811068,-0.19090978855856383,0
0.7839177692734259,-0.8984474461170326,1
0.2652140598503692,2.29910002440874,0
-0.03308665742948795,0.794967985016771,0
-0.14938967314221452,-0.40850941328700213,1
0.21931594781356348,-2.280134733848093,1
-5.795379550631594,1.204286809978873,1
5.94899361098656,-1.4676903774627947,0
2.007447961352521,5.569385028941452,0
1.3686959193970112,-3.391688104613295,1
0.36429007461071783,-1.9704736344326568,1
-0.6419287261767908,-0.3026590159901634,1
5.213075653883065,-0.8917727013670642,0
1.7471252988751096,-2.1394147038512124,1
-0.11778393987360133,-0.24731439884808792,1
-2.883074274159398,0.5369462066533917,1
-3.4289579583161216,5.241519870914941,0
-1.1777899581558129,-5.792118384803765,1
-1.033706753732612,-1.2207463944000119,1
-2.9746873263797777,-0.33862615557116105,1
1.2480361321541682,1.423476496121167,0
1.9525345675238823,5.9371816506531205,0
0.03059005795267649,0.30096885420516295,0
2.492669245259021,-0.7169232156197155,0
1.4494425385583323,-5.3851504277866145,1
-0.041868493183739634,5.356230037603798,0
1.8672953215595007,0.47094989051543334,0
-0.4116105666549419,4.651083173330497,0
1.599044941863946,1.2745424596707737,0
5.945576112766758,0.1919007920976456,0
0.20511309729227306,-3.251636264637229,1
1.1793715197329373,1.4994083590014105,0
-2.936023360715591,-1.2303110808416873,1
0.1254778127102671,0.058405161597834425,1
-6.358508719555614,-0.3114258274530633,1
3.30346595998836,-2.2407103065310583,1
1.2012609212867784,-4.904097917025654,1
0.018886883658015035,3.0879383954148647,0
-5.090298395608591,0.005781427066349933,1
-0.24471173184851122,1.329613812678745,0
-0.932467275717176,-1.5494354110000088,1
-2.030283208211625,-0.8061766195827363,1
-2.2269652353760403,-2.5611020041806305,1
-0.002790027818640806,-0.003592754947882001,1
3.7396978116657684,1.0815728552450319,0
-3.247811399668061,-0.699447730611787,1
1.4084650665054324,-4.986740600800912,1
-0.6307195635664405,1.5380700401040805,0
-3.435082447543226,0.28991566550180065,1
3.1477071054919703,0.7919285023091802,0
-0.7964486715102859,4.855668244819577,0
-1.6123744329126621,-4.512519607951386,1
0.45490086524776985,0.243223899102083,0
-1.9629001900328649,-0.859534044994997,1
-0.03434963274722012,-1.3650424573575943,1
1.2551385234001966,-1.8973091120512604,1
-2.9185002078278237,5.198366911940267,0
-2.6105099871204036,-2.82986435340247,1
-5.2749279529708515,2.2336773416833187,1
1.256675420635189,-0.8342849168640502,1
0.1176078085020622,3.315141983999798,0
2.0729207798914175,2.014912580033939,0
1.372961114981106,1.8022494658772155,0
-0.016136409323963166,5.280513159483152,0
-3.0642721058707947,-3.31974518200552,1
0.2065807269635633,5.2159641276820725,0
-3.1048609956538695,-3.8944403595050208,1
-6.227944119040511,0.7804158627480224,1
-0.4560403445443874,-0.255241537122191,1
-0.24199133426086158,-0.0028229499779023047,1
0.2232413599090747,1.294934485561507,0
-2.7127471067230453,2.049600133406885,0
-0.833964263055549,-5.965394477128515,1
1.699087242026235,0.5986656678318149,0
-5.056250890059837,-2.6619088930733583,1
5.081059111008415,0.3560218833126395,0
-0.02913770989718044,-0.003937067893128208,1
-1.5030470336445083,-2.524257231886143,1
2.1291591815737276,1.300512699491133,0
-0.18526978696197363,-1.14646935281174,1
-1.388831712885417,-3.154287831616747,1
-1.3729002071938705,1.1502721127958424,0
0.5344549903549851,-0.462216174709091,1
5.999161972631387,0.6194195545119074,0
-4.894836940575333,4.119086299626252,0
5.216206817477217,-2.9663349113548128,1
0.4281972737326616,-0.6441446417960452,1
-0.5246405796056366,0.6653093243370383,0
3.621235027142428,1.420433554664637,0
1.2178319131529751,5.011032152582961,0
2.8235827426864377,-4.940638852275423,1
-1.374634930189871,2.1620603072702904,0
3.009959648556952,2.296834452512871,0
3.487083136825765,-1.2274727664084424,0
-0.8136122731538441,3.351258755308469,0
1.17484410596164,3.0653953036124166,0
-5.171179108588857,-0.2147032732770196,1
-3.170156080962927,-1.628847146408241,1
0.2304494302625691,0.10718981162888672,1
2.841263268138857,-4.483284550824661,1
2.019365818736867,0.3012700195569031,0
-2.5531581308417333,2.7064302339820605,0
5.298055538888561,2.5501408005439603,0
1.4858635244593938,-3.540628447172512,1
4.295186266025351,4.3426550833675535,0
1.1352956158205187,-0.12657314990841803,0
0.10921151628251854,0.48276023102528204,0
4.0268706817089255,-4.833508622081242,1
3.858611095775942,-4.215369856767293,1
1.5403455741317935,2.1706122437766693,0
-0.059322953446311714,0.011452538025571456,1
2.316717580300477,1.6811829177337942,0
2.977545555892352,-0.018468973542663816,0
-0.5384496085307425,2.1905823442518755,0
0.1760802939876276,0.47422019412096916,0
-2.0403584655768645,1.3127403703914755,0
2.9794582432833483,-3.4575084086012446,1
-0.9586167472074947,-0.7972936920398788,1
0.2143684277681175,-1.1141687943827445,1
1.0452518851653188,-5.41594627507997,1
-2.7783188577491034,1.344694671292283,1
-1.8616907378133236,-4.894539480497083,1
0.4414146447419779,1.3051272108218859,0
6.231303071721163,1.4341040031079573,0
1.3700086931845714,1.9441712436002918,0
-0.44122782661923343,0.032330736524657754,1
-0.4362367036426985,0.7182064422778378,0
4.7822099149479325,0.7447375913799094,0
2.5577383076533358,-2.393105651536127,1
-3.9142219022214144,-0.06481790477319058,1
-0.5040539973255751,-0.18508346762105013,1
0.019798865544180606,0.005793707394901236,1
2.918545078931376,1.1217329605772033,0
0.08225060645438298,-0.04919571336532921,1
1.552608920012518,-0.7259823367204632,1
1.3091939532339123,-1.6569971209944137,1
-0.07229506068178945,-1.791862264157576,1
-0.7503408831286875,-0.3537051070846278,1
-0.054333803789408025,0.014337542198743508,1
-0.06251317317319409,-0.611459727806222,1
0.043254215194176875,6.2673486586001355,0
2.368891818171609,-1.59591381299077,1
-5.999286602672181,2.04112723481509,1
-0.3837190174408403,-1.0763875532454001,1
5.375539928312869,1.0062371553668334,0
0.2665670762722449,-0.5830479819896739,1
-0.029925771486246273,-0.0061606293703712536,1
-1.6571563057778187,0.813526839448922,1
-1.5222866814832452,0.8981895931945738,1
-0.5052358774190953,0.4409806381026868,1
0.6948151276061131,-0.2898180508017126,1
-1.5472655481532067,-1.2211448317301727,1
-0.7853420332101977,-1.1842520814906587,1
-0.7155847111288829,1.64656442574497,0
5.50867621166072,2.1257149710215906,0
0.06088770105507909,-2.4141249046669744,1
1.8758106828672338,2.4110985477987743,0
0.03241456926545237,0.09942716508226683,1
1.747410736668455,-3.482735613202766,1
-1.8951131743570129,0.30288751841030115,1
3.5024954753561546,1.1304338951715396,0
-1.0971428844440092,5.114978454390931,0
2.543062684618687,4.959698050017878,0
-2.3103281194543475,-0.09500847498864229,1
-6.464024291932039,-0.5338795981562104,1
-2.0862394368333033,1.8909223712865244,0
-0.5004842669419078,0.726156673424229,0
-0.448455382598058,0.069222960508478,1
1.191389681015708,-3.656305338111384,1
6.115701395494763,0.3057511206409265,0
3.9143520409881325,-4.456102734414219,1
-2.7139091844186756,1.0994612228435814,1
4.564579968041433,-3.053464884482483,1
-4.085626221612144,4.411538795708959,0
4.725736734809924,-0.09260379806915205,0
-3.059842833928876,-4.115742181169089,1
-1.5680529916729717,-0.14605122456289069,1
6.379783997921212,-1.0682410960545747,0
-0.1399975940902745,2.2424528848726735,0
0.29951826748835486,-2.275412104561627,1
-2.9404320788272442,-3.962556133250036,1
3.1012211550753577,-4.601411858346586,1
0.8441672350725196,1.2372724842467093,0
-2.912280898948985,0.9091431246667572,1
1.2321723615982354,4.342431617879366,0
-2.3468625629709106,3.857605870696025,0
-2.4364324084232396,-1.323005204728034,1
2.13389681976468,1.2077067323640274,0
-0.07279384467593407,-0.00030744660505751555,1
1.5425348701304813,-0.8721624571819863,1
-0.3816809297438708,-0.03594681765541011,1
5.839880745864751,-2.119343014518708,0
-1.9131318896095366,-0.2515423104105024,1
4.354634772217884,-1.7843654881043927,1
-4.167840900355045,4.820880398134624,0
0.9882617904886534,0.38435370138505054,0
-1.7285518352563536,-2.742921178947499,1
0.07728357486999007,-3.0699908513853367,1
-0.5483893507976113,0.7968315091172542,0
-4.093827494897197,-4.91823204279277,1
-6.1248149626787916,1.9006430427987797,1
-1.508062965600112,-4.636715194714826,1
-0.30663931340698036,0.3233203945182375,1
1.486650339743407,4.99962099192632,0
-1.4369355277497566,0.2607669225690973,1
-3.531897811016902,-5.452240776147422,1
-2.4699049576109053,-5.907211934886431,1
5.115623364560556,0.08052902888001964,0
-0.12529226990179843,-0.1707708250245461,1
-2.891898896696939,-1.5305452492553322,1
3.9754405022851906,-0.018855780812716508,0
-0.1565519206151431,-0.22606635451115234,1
-0.10385570951451464,-0.27259963502357587,1
-1.6479129547097888,-4.8314763544398724,1
-5.63601961506986,-1.7960695641220066,1
-0.932932310714489,0.7231656503911537,1
3.144038273343888,0.5247858839597287,0
-1.256195593114721,-2.7807139629788273,1
0.09767556923344824,-0.8948166035958888,1
3.7698108963369834,0.6776621906485384,0
-1.0294527644567564,-1.026159266200277,1
4.920110435616407,-0.4738640540502169,0
3.015910495542957,-0.07945980014872735,0
0.15684188848807465,0.17054583108672802,1
-4.838222945558889,1.6339303164927121,1
-0.9763822694054726,-1.4752241894296572,1
1.5239584548806444,-1.9642301747549484,1
-2.2244043298097256,0.011141058420778595,1
2.859094379484033,-2.3262754411581836,1
-1.114347523191814,-0.24944434285136358,1
0.5503258957378968,0.24114039333649848,0
-0.3661374272880082,1.7149958290818497,0
-1.75022047528554,-2.021579603755291,1
-1.0239444725729074,1.1286541441662157,0
-0.011775291818949136,0.005956388045879554,1
-4.0296720568451505,-3.215700489338356,1
5.603651969640339,1.9027955232429634,0
-1.2304639799435557,1.1057193991471963,0
-1.3130152003899556,5.989159290102019,0
4.6777275603363275,-1.3118130909015644,0
3.5308699936928916,-0.04540594794178923,0
-1.6393498268366924,3.461252309708297,0
1.1320447591805847,-3.3829747387076097,1
0.6479239255786301,0.2654206183997015,0
4.890208819777386,-0.40304435692300383,0
-3.963094177599574,-5.094071692596328,1
1.0165785082269274,1.3515406810105648,0
0.5103853532358418,0.8739621164614366,0
-0.6866802675630133,2.8913623417463983,0
3.3222519179750507,1.640777573068142,0
0.7156262665479985,0.6644242568936766,0
0.0064063666273353505,3.248047626881054,0
0.21993888185139945,0.29804482693105316,0
0.4578256801863238,-0.5198259851666646,1
-5.447527083172226,-2.5053383707720043,1
3.3543461786025865,3.710770708655576,0
-0.2284056256086467,2.9065390925005006,0
1.0889718422993626,3.720400570129091,0
1.919921156938648,-1.0616212116173442,1
0.5431044336300588,-2.6000367959469575,1
0.7982702838480895,1.82008396907574,0
2.0763126586801635,-1.865060256499915,1
5.338123650640285,1.6606015460253456,0
1.5750241799991258,5.674098024442152,0
0.42199098951095726,0.061851148324159125,1
0.04555647541064878,2.7721302165478283,0
-0.46603637112499563,-1.7808855774129657,1
-2.1527286293695687,1.25156763758905,1
-1.186195843683157,-0.7303380489179523,1
1.3767035078973262,-4.703491770349162,1
2.0892868030266274,5.084273718406965,0
-0.7100344135820317,-1.479722285231862,1
2.8076882792396924,0.2998207800029639,0
-0.47850091457060995,1.7253607786323513,0
-0.27361127525394785,-1.829967150395765,1
0.8361990499614603,-1.318104331308818,1
1.6385371767901227,-1.2649143579180957,1
-1.8675407724056219,-4.545044547298691,1
-0.9628487901106182,-1.755295105400551,1
-4.7245284387255095,-0.02553721625476866,1
3.8063368856339115,-3.2376402703789364,1
3.2575262288646005,4.068239398110344,0
-0.4662828625415553,-5.773552755288088,1
-0.6069801232367047,2.4092572306313276,0
5.919214979316082,1.1630481647502922,0
-1.412503925469003,-0.6804361049065987,1
5.946231623236146,1.5107769740939063,0
-0.08228115190051566,0.22947327208516338,1
-2.315233710464129,2.324548476770247,0
0.26772657071312805,1.1302505550095836,0
1.9354585876957606,0.01990287336595092,0
1.7360281961464563,-1.6509902215417391,1
-0.571512665992151,2.045613289476471,0
-2.3795867732423606,4.9940080877859,0
-2.423092441245363,1.5965337688710421,0
0.07264856534609915,0.5392219597216098,0
0.15788316141486033,3.9702218296151606,0
1.3859043928985293,-0.5322123156770049,1
-2.367063825090104,4.048577212102847,0
-0.4778153004315648,-2.0247079493597235,1
0.215162821284168,0.6623382155622907,0
1.126294523963166,0.21962218058487146,0
-1.9598403562314286,5.513534472129971,0
2.033608228581977,-1.318696451543397,1
-0.06672560687511321,-0.24621790570089705,1
-1.4273138465354935,3.7073618757088247,0
-0.44017222129503364,0.6550092719514506,0
0.9648058322470814,1.2457699818638814,0
-2.0842727240471866,-4.23739679916435,1
2.068768095748221,-2.2278833898835013,1
0.2849448517838647,-0.019318010970172977,1
1.6117930030089882,0.8096250142561439,0
-3.365410726990819,-1.0798366379372122,1
-0.10478538455988119,-0.46890589479707717,1
0.1695300683336583,2.8156569008483654,0
-1.054149154559251,-0.6179549161979887,1
0.47150238031619335,-0.6448766295681176,1
0.20765393605098104,0.3248229146110636,0
-1.6668927819463049,5.9901671017042695,0
3.0487593693429624,1.9011178199754064,0
0.5269427726107154,1.155259884488442,0
-4.225125235212143,2.9883286005604464,0
2.1050678254169988,-2.7296130244364956,1
-2.41341165754379,-2.5893759287905636,1
4.54655782209447,-2.375374284167487,1
0.2487425975559824,0.04306047414549444,1
3.54371256401733,1.395568503781506,0
0.1997676207790118,0.03557019841592615,1
2.1814943968312477,-2.458309936805913,1
3.9151169613397374,-3.593859701313463,1
0.909856266545627,0.249343851325266,0
-1.2349389949369767,-3.235994774364868,1
-2.7987289164442957,1.9175377635879594,0
2.405887324612173,-0.6299961971274032,0
1.6425677085850179,0.48854169408747833,0
-0.19766977577840983,0.24483252107178624,1
0.5631918241236301,0.13180815039062976,0
-6.0685640660503966,1.7803250132420583,1
-2.7481415306788692,3.830222635104116,0
1.6084011926073603,-1.664493551111789,1
1.7393367585534372,-0.19019950976989874,0
-0.3895655136640051,2.8868519699534008,0
1.998792668569514,2.349856090904182,0
1.2651730621503527,-1.0273028603597485,1
0.1235737663667736,-0.6647464651687672,1
4.888955569528013,-4.134376968646115,1
0.9262550101952264,-2.815848793194683,1
-2.9060319301279547,5.485243427125709,0
3.6524239159252696,-0.14068255209847277,0
4.069544476981174,4.350135557340761,0
-0.5540717363058553,1.1107537700217922,0
0.2543381489241677,-0.12473048766523784,1
-1.071626953329193,-0.8194191161377034,1
5.593396468354432,-0.3505420778309357,0
0.9737723660403419,0.3084979303212423,0
-0.37727593476197896,0.33603121167071404,1
-0.25374153428426877,1.7366484890727072,0
-2.3863810570521324,0.7698680305773299,1
0.6070029969080223,-2.742813752415967,1
-6.36331996541952,-1.0142520026781883,1
1.3241871156870457,-1.7316564526643479,1
-0.03842689867290878,0.513002160030832,0
-3.5002922257759783,-2.9521546908559118,1
1.187818320061144,-2.306446721632247,1
3.9827649826953935,-0.30089714188632594,0
0.055349395551339206,0.8588769772322673,0
-0.1976159954546771,-0.1517580056186512,1
2.5126126269202436,-1.4029531840242093,1
0.2502993696085384,0.19875662363909738,0
-0.3146733591425056,-0.2865777538059726,1
-0.5593428251594939,0.5058262353822102,1
4.8074541323888385,-2.5450382981564736,1
-3.4689135196706458,3.1766844451745118,0
-0.5116378954038439,1.4729515135032858,0
1.447629222172467,3.189854174232617,0
-2.860618730824145,-2.1680348518720085,1
-1.2748347507956723,4.592690421827187,0
-0.1543617302289301,-0.24482125030036092,1
3.0805372304686127,-2.443162464969075,1
2.052686569724563,0.44000929031760666,0
-0.2918917281183235,1.3221618779902122,0
0.5000019282623277,-0.1742910545586675,1
-5.238251463055504,-2.0192412993156763,1
0.2746098336237854,1.8850862936369657,0
-0.4917039840468902,0.309392909001658,1
0.9320923488772909,0.08401574169847807,0
-3.464102221546019,-0.8460342936615338,1
-1.1834604946707399,-1.5072230719092485,1
0.3331593769254017,-1.7095702493138543,1
0.20313701264859665,-0.397590549549292,1
0.04651866524563043,0.3256914178337828,0
5.6255757812375595,-0.9834966069925122,0
-4.562474207669367,0.4149631435447272,1
-0.1070891470993431,-0.7120456254993373,1
-2.7227624843752007,0.3953872183980352,1
0.12209778756472854,-2.2636475436712686,1
4.436649632614318,3.417947553315867,0
-0.05482081254877416,-1.2260284819509297,1
-2.9851471001704044,1.053676700851563,1
-1.7980911002760402,-5.896755540625263,1
4.000927187813219,-2.494632455253369,1
0.969816193931819,0.52026481505753,0
2.301581706671878,1.6188866490351952,0
0.8671968892669304,-1.0257848964178542,1
0.41121744478172334,5.102342434517462,0
-2.7622824672845896,-2.753185251207145,1
-0.19095313468605438,5.12525044081523,0
3.3305802990501676,3.4591662801268996,0
2.0113623246544354,4.397224780105449,0
0.3729767418960821,0.7840889794543948,0
4.825858271146223,-1.2671374705704859,0
1.3132288516058765,-0.7977894897298294,1
-1.8612774259226272,2.8186591786360133,0
-0.0953882378364845,0.2962852657990484,1
-2.8480162185269995,-0.918600996573134,1
6.180346043148894,0.4354971407140171,0
3.1135476698874416,-1.46229242916239,1
0.5429688757648704,3.830241716349241,0
-2.9903446587773224,-1.490154300174946,1
-6.372811003574123,-0.6565540397302019,1
-0.5860232595908837,0.5045448864655757,1
4.66123313078771,-1.2551988403214691,0
-0.3726524116791923,0.5832491427094765,0
2.914825084731919,5.032280161977416,0
4.4318104894855095,-3.6915097558127457,1
5.938996090011289,1.7414413986873165,0
6.0526930426105885,-0.40941049953078457,0
3.8624471230992885,-1.0237207839902405,0
4.955342135606174,-1.2646474418450275,0
-4.971256274140461,-0.841395431727257,1
-0.6394689607615441,5.793183389536112,0
4.979795172362864,-3.6042955204204734,1
-5.3864880122211405,3.215241048116478,0
-2.3264633721592856,-0.01162516370622726,1
4.400708329256221,-3.5196402493837033,1
-0.10916304359455482,3.536065736119405,0
-2.8886209639604963,-1.3084741112171283,1
1.1057412490110865,-1.2311042507542125,1
1.9892064202462065,1.5229470353513246,0
1.5420932659854079,-1.1948865472016987,1
-0.098496691305204,0.5010979854347145,0
0.17979122850935508,-0.37766649627279797,1
1.7692980237265101,-1.154209690834994,1
-0.8181833572130333,2.3198070699021356,0
-3.0476691344921223,2.4581087384017315,0
-4.258574290360452,-1.9112531038416256,1
1.0939566679654529,-2.1308139001671704,1
3.3876093075908322,1.575732595105737,0
-0.4993013234325637,-2.6769406825245543,1
-2.881639512587147,-1.6840957404864478,1
2.532953094913561,-2.638705070558331,1
-5.4357582163901315,-0.38374962891416387,1
0.8811813132814241,-3.4100520071879257,1
-0.5437828915632095,-0.15324884510754777,1
-2.190886023052139,-4.392126417456497,1
-0.056662860397545395,4.503119595843747,0
-2.047696145435038,2.9611520590787777,0
-0.9408942176233311,1.2472901247221908,0
0.22902356056846765,-1.7873840572268866,1
-2.855542685937625,-3.914566203666993,1
0.57228707106489,0.3966198355034469,0
-1.812766328397887,4.196758969594069,0
-0.17032107569253652,0.05529166658126084,1
-1.3268656175085471,2.7172052445271047,0
5.338688759903844,2.4269014742248,0
-0.5612210409361238,-0.023065221938217015,1
0.07571651103589469,-0.9764326200329879,1
-2.5719941443499796,2.451111126013374,0
-1.2890693122664707,2.3115059336446233,0
-2.508670786924321,2.786494827856312,0
4.401481295300334,3.3333387398774375,0
-2.3711882680358434,2.789154031080588,0
-0.12790081102294074,-0.9884392732988986,1
-0.05683937403038379,1.9934814865523907,0
-0.33283427184887465,-6.363262927489124,1
3.0216544409778954,0.45939597489461753,0
-0.8086177009895953,-5.456170916314333,1
5.264578877191977,2.641518027179745,0
-0.5112986316086829,0.3795959001286268,1
-5.67562405886085,1.6757224827201183,1
0.0656652594507743,-0.3807365248172423,1
-5.383663200677086,-0.7928915686448453,1
0.47314505051127,1.8182858240327335,0
0.06189129345598461,-1.5631714544069362,1
1.3007239799747707,0.0483502869407073,0
0.7782866837979817,4.968528381200025,0
-5.34096180415988,2.6072654294542463,1
5.947499608150616,-0.37070170831631666,0
-1.636269057317549,-3.2758966942631074,1
2.9394468604686685,4.504714476028877,0
-1.8489571803438825,-1.4222334295766983,1
0.22147916132135642,1.0023911046442666,0
-1.8715660111165084,3.4123585383773607,0
-0.6137322416450424,1.676554083003499,0
3.0601631296070213,-4.765679375829019,1
3.4383933498945254,3.4842004226029615,0
-2.9425152464381044,1.360224635385548,1
-1.371694170671638,-0.13275982709556328,1
-2.875824476975372,-3.6465224814471675,1
0.004477892256341223,-1.0245066467406607,1
4.46568670201855,-1.758951672987068,1
-0.7806674829643255,-5.829556370627689,1
-4.842883101827757,-2.2282884224247352,1
-2.761081666995276,-2.6711064357755903,1
-1.6587747873714076,1.5978746311216818,0
2.2054706514970097,4.040621916587361,0
-0.8355321616534878,2.7572552515479436,0
1.0796306402705473,1.9930345161730494,0
0.9743143919669428,0.15532990805936348,0
-3.038249372616804,-0.9460196575219425,1
0.05027769039305955,0.010828373274919395,1
-0.15392297121163495,1.452485072124516,0
1.0407913781409626,-4.566532890608432,1
-2.933246773324888,4.076504756906159,0
-0.049492695809065235,-0.11982761503984067,1
-1.6014906128416813,5.245165177951633,0
4.250071346802831,4.314496612964288,0
3.4681955275167877,-4.46011461189065,1
0.5339306558561073,1.0048496637862474,0
3.0671113092867826,4.562392424398857,0
-4.0626106319825945,-2.5181736557920837,1
-1.0894923708483057,1.2923410374366926,0
0.0008852670760402535,-0.5169705369297523,1
-1.396594680973577,-1.576389660691928,1
-3.4052432785826547,-3.1236927255436986,1
-2.4241761250571954,4.591023704025803,0
1.5577609206955976,-2.090221468980493,1
-5.5043736414688205,1.6108294749261782,1
0.04740444786258587,0.8116902926935651,0
-3.464946378782212,-0.70892787117592,1
2.2251444750582166,1.1022627471808435,0
-1.9249330123918078,2.856271912302857,0
-1.9099771919661985,5.396237832454578,0
2.8762213052536523,-4.5876248739304,1
1.629982511282391,-0.4491477828713645,1
-0.04427262768331077,0.02139733801767067,1
-0.9807973896933025,-5.457009391920017,1
-0.1189775663025883,1.165568838936299,0
-3.610917001065948,-2.9732497771122777,1
-2.839436409100658,-1.5608186657458836,1
-2.351030870315926,5.834650475007797,0
4.1039978284401,2.410819979953923,0
1.4918189370201598,1.7499177475704342,0
-1.7656777400423875,1.911096791341711,0
0.7052527645335928,-0.14785404462959384,1
2.895187285173445,-0.9585401335661894,0
0.10584284778408602,-1.1087486987504702,1
4.656036050552379,-1.365280466327172,0
-2.8804071679774705,2.240301445045965,0
4.846309805365357,-0.3528644090473176,0
0.17308891042381513,-0.6898990782467198,1
0.6661855525702115,-0.07683387405820517,1
2.2677205728379377,-2.677293981620199,1
-1.1172075442972027,0.6063137966939695,1
-2.3895879292812445,2.633482608135471,0
-0.3084244598601146,0.31381757666643695,1
0.7086886195442923,0.47982676141052183,0
-0.20057518540104435,0.1583373451590885,1
1.8750491908627998,2.976358504311129,0
2.541301736513352,-4.3160233478798915,1
-0.5191798498166381,2.7425162041864617,0
0.12205934652681082,1.1236979102006333,0
-2.9290908068756516,-4.348519765780245,1
1.5905259630548556,-2.0704559282169677,1
-0.6787530742776234,-2.272998602352939,1
-6.163545488629873,-1.1110085611471856,1
0.03898576339999163,-2.0084857549655553,1
2.2533256599322162,3.2372393914065887,0
-3.40241611479353,1.6206635997484184,1
0.22444714931438067,-0.4058074383479451,1
-0.7589438713719813,-0.7520749408351267,1
0.782415340614666,-0.5927437906569023,1
1.403099742472721,5.737770999525957,0
0.6218910089697851,3.0018720240413677,0
-0.9011871824755502,-1.6296856269553264,1
-4.676300869939503,-0.9469844166866878,1
1.205265509992271,2.5978566633129043,0
0.10776351958960773,-2.919379489033164,1
0.3818910070174005,1.5712605944650877,0
-0.6246637009772602,-3.5889590187980356,1
2.9778091376275175,2.5457253475410555,0
0.02193194759055383,0.44376971802034615,0
3.0830106006435454,-1.4543969553125207,1
2.017591766931134,4.775756288541029,0
-2.248563657948426,1.9591572112471751,0
0.028023676017303698,-0.4711675233819252,1
0.7976773017615469,0.8363719102651861,0
-4.029673134179273,4.272411205548821,0
-1.6404309515805964,2.329857177697984,0
-2.556357672191697,3.9701130185970936,0
-3.9533255039186304,4.759519704800437,0
-1.5172069562829351,-0.583752167099489,1
5.100557781882798,0.10462420051821321,0
-4.232911624408705,3.320786518796065,0
4.58197313653857,3.5774286801382,0
-2.143568085291867,0.4704138000792816,1
3.4054722227079357,3.3260789843183813,0
0.7768844415395147,-1.4833551299733416,1
-0.3173843387062856,0.4123241428474474,1
-1.2012673936545646,-1.5486549187395107,1
-1.3666093339974468,-2.0355550950678873,1
5.320029801439598,0.47223101089097014,0
-4.056850632692244,4.20374787742897,0
-0.5098609007465006,0.5904735766143367,0
0.2793244432619348,-0.7990832258387569,1
-4.55660873375546,0.5524575753564294,1
-0.7011688628421087,-0.16327264548042605,1
-0.8407462835293003,1.8375332928091945,0
0.4422243776217218,1.2173970840936466,0
2.3369148214099265,-2.615532881910514,1
-0.42081019521679264,0.6411915572345052,0
-0.9035690109448895,-2.5831095489852247,1
-0.38116721884865773,0.27683749217440795,1
0.7355576115899827,-0.44539344432077294,1
1.6984442012349197,-0.7865294402620935,1
-3.3266487722967177,-4.765068092110937,1
2.388096949525279,0.2889781512583448,0
0.4994502190420574,0.07266568818059614,1
5.061602505679586,2.834720282224738,0
-3.04004147997516,-0.27896213585241614,1
0.055891809178449645,0.032734753761484624,1
-2.7949690738759556,4.474646364943887,0
3.216772806618089,1.6745311295572387,0
-0.20325369828038375,-1.4072562132561264,1
-1.6545525955334484,1.3126330340891215,0
0.9360116210561148,1.931229828811636,0
-0.5287791624613801,-0.0469795100411956,1
2.2098979408474424,-0.5769752058319907,0
5.771230878875352,-1.455647027470269,0
-0.5533527375419692,0.4974930420979552,1
2.1559482270879746,2.474103578399834,0
2.214095184498626,5.115198681828325,0
0.5824999563609368,1.381623395629673,0
1.5376342894458146,-0.20298457071362616,0
-1.962027862801663,0.38770833002455396,1
-1.4251146610323426,-1.4979229270525836,1
-0.03236575498231515,0.32167509545455597,1
-3.749629615349679,3.9866730764685787,0
5.027389219673341,3.6831334883704603,0
-5.711706861639329,1.274728751488357,1
1.1880679975110433,-2.419485620687895,1
0.6107778284138757,-2.7896688616889986,1
2.130105466772822,-0.5029092437151178,0
-2.998969554332062,-1.7735141697169758,1
1.262852761005119,5.411129844733829,0
-1.2438513716921555,0.602741919507118,1
0.45532291697236604,-1.2690277370359624,1
-1.9394672839523681,0.7172852950685159,1
0.7816330536485616,0.15980671502586916,0
0.026520410460477734,1.9306069427823467,0
2.56141294441643,-1.5946312675656,1
-0.13443505800344502,0.816633360251864,0
2.822341470351944,5.025825851862414,0
2.4752265797054096,-2.4712548321331833,1
0.1378524987643933,3.1275876673412406,0
-5.736368825686876,0.22891269698027758,1
-0.4046506213525412,-3.748172966674548,1
0.35191183716416974,-0.14111269484855207,1
3.390409631428262,-4.2391449610269305,1
-4.851244491934124,2.248092638519765,1
0.0060457045076513566,-1.0606222256471738,1
0.15356608650103223,-1.5561814523148336,1
2.1188055935342325,-1.085566957793908,1
-4.46617390521236,-0.9644623784536684,1
0.8571115896773767,1.0839217581094673,0
-5.0602789173826235,-1.7505351899876906,1
0.5095100019445483,-1.432872614609774,1
-2.3756492683332597,2.3447143834182578,0
-0.31715942991914187,0.7751184797338674,0
-1.70899115203634,-0.027288047527193177,1
-2.437443696750504,4.230840437307352,0
1.2662155130254793,1.8480788249355367,0
0.03026723696670353,0.07207301864421971,1
2.217532283270067,-0.39202431020461626,0
2.0601528844826547,-2.640464924442015,1
-0.4473721275192871,3.0809616593859612,0
3.4204189765274666,-4.333651870071275,1
-6.2877916025444724,-1.4635110334954797,1
2.1868647983796703,-0.4088128792384046,0
-2.4026371033022564,-1.7922315030449232,1
1.1991180552699319,0.5894032818705914,0
0.9464499900064286,0.03354722605669031,0
3.14144213551931,5.4073873062690225,0
2.8729076310987303,0.46726732215263084,0
-0.24088032584661637,1.9340566684854708,0
1.9678998798563168,-2.070989092896985,1
5.10401611009339,1.3888558295433315,0
5.234149309037083,-0.12258632660415315,0
-5.443253763905879,2.1949057603362654,1
-1.9922204511653527,-4.7996140008598225,1
-4.613009448075592,0.4358257535296995,1
1.7929009086814849,0.8407875498251273,0
-0.026473782153855593,-1.4695528267094566,1
-2.841987141366368,3.650815902617602,0
-0.09691941799499311,-0.017942161308530186,1
-1.93445618765724,1.4883126420803643,0
-1.3910435168642992,2.112208336389776,0
-6.297426906669867,0.5376946887903467,1
2.293429507171347,1.9895116685408252,0
-2.053162881076992,1.9473322232979058,0
-4.167362700431913,4.334372205539989,0
-0.6259481685820477,-1.8544038370461966,1
-0.30773773417641065,-1.1092939681719438,1
0.19620942315792242,0.3934132322232926,0
-1.1015052791917184,-5.517721455622417,1
1.2395405773350892,3.1268357861884293,0
-1.7233910096233425,-2.2505340524372617,1
-2.907432674918325,5.167986878304036,0
1.5085377916198521,-0.7255912647797621,1
2.0244266837050557,1.5928020117714923,0
-0.3852139006518142,2.325510601505257,0
0.1310054583109255,-4.794292157825678,1
-3.4459210316066087,-0.9285201050997374,1
-3.9693062978985036,-3.3712417240478048,1
0.10748428942448071,0.24373952789704048,1
-5.164301692313133,-1.0122540066367753,1
0.6436252952049809,1.817329180751777,0
-2.013211577380336,0.2797924477778869,1
0.24435831672581473,2.253741390216728,0
-5.758302392302453,2.4434199227762288,1
-2.085920112352608,-3.2417429549603494,1
-0.9075541825729596,6.408272283973201,0
0.23822641159109387,-0.9300940161879524,1
-3.259633536231481,1.3881197524899365,1
-0.018346853980075437,0.006037506112591838,1
3.7209341368333537,0.17066998277087844,0
3.3702047715422006,-3.3791844753615576,1
-3.0939948109933284,1.6891738868703812,1
-4.201219436062637,-2.677935085125029,1
1.6367526256591705,-4.915116030253673,1
1.5219596098536485,-0.04428273651946284,0
1.7225845689971686,1.404869183630131,0
1.1293601389006758,-0.6831790687779852,1
-1.6723113124386382,-3.1384032455622264,1
5.811149597120335,0.14743005748043897,0
0.09140980420130579,1.2725742174114953,0
2.92720782624823,-0.02227828973346712,0
2.654276996392196,0.4506298470048121,0
5.612861517068189,2.7281038286064248,0
0.5032817833691905,-6.479074287767319,1
0.03374003062804122,2.158805431144126,0
1.2878111438566193,-0.0862211058844165,0
-1.936542127878268,0.7171876668812703,1
0.13451336015208268,-1.9960871675846255,1
-0.9465920331687651,-5.86435072668971,1
0.3834151169397706,-1.2051180100142707,1
2.786431155898194,4.325218246678619,0
2.5403986101371125,2.747877563367535,0
0.8225344449920975,4.628684829998213,0
-3.1393125052115485,-5.4822714841728075,1
-1.180557499331953,1.1342375664896711,0
-4.162422966681523,-3.537527422757281,1
0.909022538396845,5.471121200792986,0
-5.6143209142025015,0.3019835062115614,1
0.3890159940671885,-1.8958778625286834,1
0.9786506037762175,3.1154599287950813,0
-0.15073400715133345,-0.22620250556466612,1
-4.6319713511017095,3.8275969252504614,0
-5.9390285733791295,-0.40928093820394446,1
6.071525316587588,-0.8852130350696145,0
0.8579668977840098,-0.19504402703014442,1
2.0298028427743184,-3.2323339268355693,1
-4.964562121426736,3.7896482725377107,0
6.298852014674994,0.3277266100303312,0
0.08950751858325398,0.6501212135727367,0
-0.1221876279005996,-1.0593604283010718,1
2.1777758776503138,1.202460557035922,0
-1.4570482285202713,-0.43009419749122546,1
3.890256064621773,-2.889768013118819,1
-3.2893005226840097,3.951311286255534,0
-5.944131115534061,-1.6328734265001814,1
2.8118190188425554,-1.4692855728321774,1
6.174427138114905,-1.2069824339946216,0
0.6494801482254152,2.6622162201167576,0
0.05787809697770892,-6.41014394893147,1
-5.022468221014216,3.717369845748635,0
-0.9938707448187182,5.459787505807034,0
-1.7370029406071148,-3.1094300397038923,1
-0.3834690594830095,4.617971422277082,0
-2.000658292717266,-1.2996525633173501,1
-0.2631687308938536,0.12189973585984712,1
1.791915522482678,-4.976313911555691,1
0.9510603105437889,2.8450228483954785,0
2.541296666548879,-0.45806793691095044,0
-4.951690669026107,0.7503858308123831,1
3.292297245407369,-5.009691779366586,1
-0.1115633729415311,5.417751523862527,0
0.5543746064035631,-1.9945134920447347,1
-3.154661448524369,1.0417101441533378,1
0.04986557916694878,-0.03193670509940407,1
-4.877173658087986,-0.6518027404976775,1
-0.9352792927856889,-6.236725243247061,1
1.6839683906403642,-3.443341646165758,1
-3.5360916319340725,3.194717750031593,0
0.45087867768421397,-0.943816250809875,1
2.0419148362202013,1.8483368791548482,0
-4.036560868404349,-2.298096090935434,1
0.020158250486658202,-0.027876089845733053,1
-2.3918340712516626,1.3265763807622142,1
2.838955224276116,-5.339014245964315,1
0.23462570014694975,6.486899622261863,0
-0.6644044356851767,-1.8381777601658658,1
-0.4789035872084724,1.606800312918074,0
-5.019650053388715,-2.9118885387915543,1
-3.59521811521634,0.32239941836027347,1
0.10379653402692299,-5.8934626238923125,1
4.891558399315795,0.7852191010791955,0
1.73994067000184,1.7143322249534456,0
-1.9843783164410467,5.083357496927561,0
-1.0792497103448686,-3.6610231741388675,1
5.866083184354462,0.23945367151074107,0
2.2472228788347692,1.5196115023080543,0
3.207782335327208,4.462730585688822,0
1.1398523189681857,-0.39631952825226774,1
-2.0303079328375273,5.460156934922543,0
0.25676453251149856,-5.039018999699716,1
-0.7900886355448242,-0.35075593377608244,1
-0.39160591747505774,0.32393718329583354,1
-3.280727118289706,0.8475459994085991,1
0.13757506247712578,-0.5822060797581409,1
1.799207846305455,-2.4628759547860666,1
0.000582218525834615,-0.19778230539009775,1
-2.747806094979838,2.042484174113647,0
-2.5132185505701936,4.642333554908909,0
0.5166321769920844,0.12196911944924807,0
-2.7681344190951354,-0.349464183982878,1
6.090628767909147,0.5352938800651739,0
2.6847513527967646,-0.965300744932773,1
-1.761657620586655,-0.26358350310862266,1
0.5071200849997476,2.5108446397185054,0
0.3875316716556209,-1.3353713593998386,1
3.37901599172283,2.060016475794542,0
4.630237354095564,-3.845476445999187,1
-5.648718360482864,1.4539493502080496,1
-0.6453150976185641,-1.2345683144013742,1
2.017616301158708,5.228421055423422,0
-0.6455257408729665,1.9661777479350204,0
6.038580246527923,0.014352213448214971,0
0.537485485814421,-1.15761715237978,1
0.029307286309679954,-1.0484633334260893,1
0.5936190919395892,0.5159796068399576,0
-1.4015494824536443,0.12227537976698585,1
-1.0277057765167856,0.4303354275786891,1
4.722459726181479,3.028119291683012,0
2.5322107887202012,-1.1693117816894893,1
-5.667087129366367,-1.9859098427613955,1
4.669466799561069,-3.11079415165451,1
-0.22673643211141267,-1.2669287935726377,1
0.0904007193238678,0.03198694941438818,1
1.2986594558253381,-2.0302746386878736,1
4.53213459370834,-2.1959542417295,1
-2.1203449443783318,-4.99391509754443,1
0.8299568919468577,0.6088507806453729,0
-5.159505428571037,-1.5124150078130547,1
0.7484550180910221,1.99862322301755,0
-3.2206499078862643,-0.9501621360239434,1
-1.7892189397446323,-1.046764773878712,1
0.9110654391371108,3.699511738460149,0
0.012453498865614079,-0.17891453382938413,1
0.6325825251362795,-2.2555017209573096,1
-1.4319263178516837,1.7469261602991077,0
-6.345323878976749,0.4932050464608739,1
0.631340002365067,5.378258113957893,0
3.1268014003838727,-1.0081056983254195,0
-2.3524058991414734,-2.241204759095396,1
6.016668851458102,-0.6170977846992272,0
-0.29981567832060146,0.6171155870353109,0
-1.836001307426764,-0.22205003111645716,1
0.29600709257084296,0.7488670927260114,0
2.773710263156197,1.0003162429639751,0
0.22384298114841203,-4.99904396621096,1
-4.448064385758447,-2.574756733174181,1
-0.41464975807785515,-5.049555621871126,1
-3.338658778419051,0.09727326639916842,1
-2.3771121052845428,-3.0007584045249125,1
-3.135908308407757,-3.6206120963866453,1
-0.0494910263592282,0.10489174565027047,1
-0.502777268958764,-1.3507300918587328,1
-2.347145434671178,2.8587957106351296,0
0.11191835362026786,-2.374172266075413,1
-1.1979862104962875,-2.37314905726815,1
-1.8508507957921365,2.9252344670338672,0
-0.8179832402499511,3.4721814195911436,0
-4.149421185582262,-2.3785496546009073,1
4.9785295285882425,-0.14486055913361115,0
-0.47455268985565324,-1.429397772666257,1
2.446851778557316,-2.2799262106274503,1
5.987613719615804,0.38740495230633676,0
4.2515097445509245,3.848121559186118,0
-5.086930219589346,-0.9471826515951605,1
2.7491421325817686,5.384725150933633,0
0.0003683145191404097,-0.009153705518712939,1
-1.7775249599135305,1.0549529874075219,1
0.23711284566148366,-1.6386947779529795,1
0.4380103664926558,0.01398818774340773,1
1.6735095264643907,-0.3247617581482386,0
2.0412847389959228,-1.3686855252721866,1
0.4057010722647433,1.2096749142837255,0
-2.3481903424990587,4.443102613006807,0
-1.4451042573012955,5.828344157711724,0
-2.7841506362486053,-1.669082202761869,1
-0.2785338205280593,0.06762863411895229,1
2.5466556020461164,-5.951529719102806,1
-0.1302995208933213,0.16470839312424923,1
3.4128206549368447,-3.6052079031137945,1
-3.5094321042235648,3.362346816150119,0
1.6309208290001835,-2.156320789778642,1
-2.212962239463783,-1.8054875255333327,1
1.0939816638643014,1.231031969779968,0
0.9635347623989473,-3.7093208009169234,1
-0.8082574301002964,0.695844829200783,0
4.0457530070126655,-2.004236098120269,1
-1.8577380160002173,0.8978851455913439,1
5.1399077396739425,1.6034876397742084,0
3.436850723569585,0.9558818943309738,0
-1.3660559099407812,1.8519624704471398,0
-4.129739431455677,-2.5771475102936354,1
-5.1485377284678595,-1.75388418939563,1
-2.0353874556280047,-4.769269770866095,1
0.8257981113720678,2.695933246307458,0
2.0679164154588756,5.5517719258028055,0
-0.65945353028049,3.4638800608316025,0
1.7952975665371496,4.407575991705792,0
-1.2064662086479951,-1.6986043095660297,1
2.639772299332764,0.7913582752620105,0
2.0493182101365917,2.488735079598719,0
0.206255146345552,0.02096537876244387,1
0.7910217615089273,2.1521960377907794,0
0.4467122085173761,5.699136242819073,0
-0.6282335389245124,2.801495672979602,0
0.037491302006528,-0.226487186334653,1
-5.954628057176977,1.7240918555495863,1
-5.089401601866009,-3.964337037831542,1
-3.4470520258852297,-4.291385182251091,1
0.20566777794340374,0.48340265034676483,0
4.563700585810969,3.196393257290773,0
-0.9083133683955014,-2.7178352978327145,1
2.0238264274844644,5.0958454555456,0
-0.2924414793774173,-0.4593311115265629,1
2.624636471921779,-0.3630308086230492,0
-6.288914592188871,0.9696781361122864,1
0.8924828795362844,0.14700632499036098,0
-0.5348753544720943,0.30646287969366176,1
0.3014015662329783,-0.1282931434601331,1
2.7409229203399197,3.89283719284317,0
4.552331935767398,-2.0498960937498887,1
0.3459739188913275,0.07279010884460374,1
-0.3013287121944906,0.08667737652903502,1
1.6140295355275873,1.2675067595829845,0
3.8404315087179755,2.820317281991619,0
0.905315734114839,1.8986177098296995,0
0.6898969438459308,0.9504858810449826,0
4.680940355299984,1.6996468659903157,0
0.947224839729057,1.1852341200908494,0
0.5878434205952314,-0.8165374678279711,1
1.3579283745072195,0.953639521042178,0
2.150936715691142,-0.20113001165858313,0
-1.9845621240432796,-2.749945312929337,1
-1.7611138971705862,-4.582474002659917,1
0.35452220565263,3.582975999266018,0
-3.5983717689275325,3.7050214332477047,0
-4.782499247280213,4.374066261246245,0
-1.3105373636483904,3.510018504186739,0
-0.014371851742600257,1.2835302293588424,0
-0.07019131901675672,-0.6292447733470008,1
0.9698969592045593,-2.5778236453198895,1
-1.7729801487833612,0.8757707576817821,1
-0.9648786165056913,-0.7026681325517539,1
-0.12592675818958188,-1.4270007019401134,1
-0.4698860516693231,-0.005531379923520146,1
-0.5145339049982357,0.023801121199208065,1
3.459455328570307,-5.173729961572344,1
-2.0466724497348876,-2.922994732723552,1
0.5225573041306795,-0.5047359894604673,1
4.0613165679278245,4.284043589634494,0
0.8541817864032847,1.0545275480222565,0
2.072413806155445,1.7999475854447895,0
1.702489856586812,-5.311948352830945,1
1.6250552156244258,-2.123271630044791,1
-3.155160912322201,-2.147491208471094,1
0.7056418918590806,-0.40513815262035086,1
0.5724944884746571,0.13059030872099772,0
2.7524030041020997,-2.5909137034225895,1
-0.4033683246146863,-1.7393127269571105,1
2.587476131942596,1.5316841998093331,0
-2.3227888987681533,4.055497790234509,0
-1.6649155834920741,2.09961960165874,0
1.5283056632575387,-3.6832851855917608,1
1.094958763218468,-1.9132257887761024,1
5.576810101834931,-0.8237113042371178,0
5.817393581153341,-0.16855670502469045,0
0.8733874996569718,2.3481588365305366,0
3.949773041890914,-4.052098103192933,1
5.666585773132913,-2.3579773094007863,1
-3.7164355575881323,-0.8060784181472949,1
0.1101002909721423,-0.32087043672244514,1
-1.3686057270057355,1.0086531878002805,0
5.047520006343359,2.5928489424248626,0
-1.7420442974414732,1.0810807796770043,1
-5.010437452477465,-3.3502889013534736,1
0.7859144507675743,1.0634529158662802,0
-1.314328731099631,3.6824449127101615,0
0.2657261740786193,2.3335956160116793,0
-4.577112016662537,-0.18004561496288668,1
-0.5657117363642332,3.4641797267382053,0
-0.5057551547105384,1.4414008319527487,0
0.4911885185359403,-0.10590037026908426,1
-2.2190465370218893,-0.6382903292636042,1
-0.18975007896219148,6.060682953254738,0
0.17841875347167357,0.08911447296457754,1
-1.0559424036183076,-1.1717072846111722,1
3.0522781753683113,1.5501961598905172,0
-0.48925375553959405,-1.235015522976644,1
5.764214573379681,-2.909969143532934,1
-0.19471967608531005,-0.6344824993456764,1
-6.146929203358426,0.34409077595627546,1
-0.18574511417198758,0.2791083393964762,1
-4.856005556779778,3.2217922163061785,0
3.545696978057989,-4.748797435594178,1
0.643635572411664,-0.1535870675918841,1
0.09140932879110891,-0.8532433439442316,1
1.0861916163639822,-1.4929586415740965,1
-1.0799816635196,-5.368164707157011,1
-0.17789958853825907,-0.02579576054599616,1
0.03094754227096648,0.11756713981161596,1
-1.1807994740565284,-0.44006377913777794,1
-0.2404710263523923,-0.36543036023659187,1
-6.384815456801275,-0.6205781040586067,1
-5.395030578439543,-2.750735734048079,1
4.105603883482645,4.721915037833598,0
0.5000269042815687,3.363423243142493,0
1.9294523700014374,2.674443380563953,0
-0.9361573365405786,-2.1237496011830665,1
-2.153233165238869,2.531445031134692,0
2.3618274905102186,-1.1456400136629024,1
-6.168893379268193,-1.9161174883601721,1
-0.2689819948606859,1.3954391774034072,0
0.052891022657915704,-5.067367976360983,1
-2.2294302063381095,0.26104037346147607,1
1.7447917971099949,-0.06317023616381344,0
0.19042637487035818,-0.107862344478913,1
-4.569641402471974,2.3852525501609896,1
0.044558307544613755,-2.3991777388667685,1
2.318905857767441,-1.485798109785161,1
1.4268139171393088,3.509802699065877,0
0.44458821043726426,-0.25264840773498676,1
0.17115810950415342,5.7519974263901625,0
-2.2663711057967717,-2.076543977697428,1
-0.4744096719791753,-0.024368635212936897,1
-1.485637263379327,1.7636558278152987,0
2.1641469614296467,-2.404239740065763,1
-4.1196545728022675,-2.839919780678044,1
2.0221081566790082,0.9494912314424898,0
-1.6199188651423428,-1.5460774016027217,1
-3.72848881113752,1.0753187505893984,1
0.08907503472057891,-3.9128267729265644,1
-0.05861499622214925,-1.086505987325513,1
1.9860737612910164,6.148740469493534,0
3.1158295664440625,4.52399993309907,0
-0.4929452741362024,2.3691907433693538,0
1.4777560682070383,3.4458258189063273,0
-1.4368469190814726,-0.9145291085919203,1
-1.7651564805594042,0.7222394022573956,1
3.970626676630925,-4.988340736696448,1
-2.7818427448978857,-1.078518469015724,1
1.6282227823960627,-0.6410720801795515,1
-0.06792413762514495,0.0745979810077881,1
0.29592644079408015,-1.427444968353392,1
-6.196210772911198,-0.8199801947772601,1
3.839540016818165,5.147212096884565,0
0.6344758467927539,0.2098956501111672,0
5.8272942725730665,-0.3160777686454625,0
1.8028485581411113,-0.6120642815979878,1
4.300351834141925,-4.15299314142007,1
0.7190889839623148,1.7106031383217917,0
-0.13367989535524913,-1.589754584843269,1
5.283737099537052,2.958737620392085,0
1.0184161320910883,-0.5679928713553849,1
6.128391982406228,1.4585318241988263,0
-1.4122917613038297,-2.2903994352835038,1
-1.0734264564181253,-2.0889745714191177,1
2.4385171191167037,5.153548381210033,0
0.1935102916409401,0.19399949830530866,1
-1.4929973105589205,0.2063431789046258,1
0.7423050733582891,-0.42170359973910937,1
1.3839930775066625,2.3217762390718497,0
-0.2493510647319058,0.7557172748406449,0
5.076157074444703,1.559601674253696,0
-2.8409674746235156,3.8252910885964817,0
-0.010179706445627455,-0.10720391280148826,1
1.3325510284560391,4.380331436717508,0
0.8002907621346094,0.07529231282069071,0
-0.05423343192553889,1.0756925171443585,0
5.655025006902936,0.5102774597066825,0
-3.5151464588931294,-1.3224454927220066,1
-0.15166359062071985,-0.6157962378924295,1
6.182982722636483,0.7947411116202402,0
-5.049901312960993,3.181538931525447,0
-2.0308110658747984,3.157305444284187,0
0.5492189872613744,1.488858863283625,0
-1.0922735688457046,0.7091302850238695,1
-2.854823478232171,0.17380704571907124,1
0.8404460942371236,-0.5328204810555914,1
4.6516921327927,-1.083552407849503,0
3.182133379017574,1.5530448930665077,0
0.9493150375521521,-0.051930241607044555,0
-4.851711073102108,-0.461604590946839,1
-1.13062515084242,-6.2464153310002954,1
-0.24094520308356637,-1.8440522438004385,1
-0.3130147873484016,3.7688059023803473,0
3.832981593140335,-2.3919471899151237,1
1.534576156955768,-1.867709655583729,1
0.45386025558544124,4.670060732871759,0
-5.122307918406529,-0.6744044616476524,1
1.152146141413776,-1.44335002572097,1
0.7692768300878603,-0.44034028218964977,1
0.8845936757297087,-4.7929026882578665,1
-5.471460634138088,2.3037313930905094,1
-0.9443914689009044,1.3595859543270927,0
1.8442690117844698,2.842639903310682,0
-0.4798703317961172,-1.7314427883998984,1
5.906421506839357,-2.1075813182935073,0
-2.094289737962888,-2.621286222113398,1
0.537001608226514,0.08949425099610579,0
-1.512802896953694,-0.42976446069790036,1
-0.7819169807797804,-2.8937632565009466,1
-0.015139190244381737,-0.544776830514549,1
-3.8425308763039383,-0.85042268190143,1
4.502228820868037,-4.239033621357617,1
-0.5460896809241239,0.39652811119010195,1
4.186192635013432,-4.653002689454206,1
-5.488067476087341,1.6357484854317772,1
0.38812749816051506,2.6987599968348523,0
0.38419185808703843,-0.33814135040764626,1
-5.606938672715284,3.1340774051262037,0
-0.032191042980111155,-2.0059633289267076,1
-3.0874869534723453,2.3711606018691254,0
-5.477242354034837,3.3329418030142537,0
-0.0030083659860057426,-2.715059724553741,1
-3.941161215126543,0.4175818817711078,1
-0.6876203225721439,1.3389666368554822,0
-1.545775856350986,-2.0094883846334843,1
-2.8759566874617675,0.8377979105209801,1
0.4819947313562121,-1.3035011182648502,1
-4.505772696521682,-1.3267142397058593,1
-0.8620163589866197,2.5945861776762644,0
-0.9469420675881919,3.3132382245637038,0
0.12713553662700577,-1.090485789972263,1
1.3740812759568255,2.786459991455711,0
-5.49708785789462,0.721136568409392,1
-6.33436337597811,-0.07213673299188234,1
-0.39890888338408864,-0.655908333670974,1
-2.6311927440234206,2.497170685662754,0
-0.17936547296783437,-0.4258250131860891,1
-3.7108177807844265,4.296859153031806,0
1.2458575941586045,2.8521207043325463,0
1.3525824403365723,2.8853193825332837,0
-1.8706561743657648,2.92742082964091,0
3.080961660425211,-0.39561602430404497,0
-1.4571346239207255,0.7826340994304203,1
0.9215380184482075,-0.34541551342941573,1
-3.5067065807782525,-1.6658158504197889,1
2.5833969704811928,0.8465995921926686,0
-5.801547228700052,0.27074829575714016,1
1.0883364988820479,5.042479497989123,0
2.260634644493468,1.1247298386971563,0
3.8951515330746918,-2.3884738446961067,1
0.12826263788980355,0.08396562535576871,1
0.05187605797071745,0.1172671839960753,1
-0.57641287705633,0.6442466599321923,0
-2.150594026139754,-1.0202495239274305,1
1.084257883304905,-2.1033945132896865,1
-3.0141946070942054,-4.481602987927432,1
0.7058884579783256,0.5188432823390707,0
1.5947175320943145,-1.2793918483531488,1
2.5341217252790122,0.23257065239110172,0
-3.17224053924973,-0.7776106099458406,1
1.2758587044806537,5.246283746637842,0
-5.832523959111696,2.0203336367508866,1
3.375416512269911,5.519857784254448,0
-4.597485546855807,3.9045771393366326,0
-3.197502975222498,-3.922964912879612,1
0.2922308371600631,0.09549121833233008,1
-5.680198492780622,-1.3629341986415924,1
2.590257301841801,2.9333091124270307,0
1.9420710994887356,1.2317861118735542,0
-3.7825238055597703,1.023165435330157,1
-0.8086510791563354,-0.6812058539948478,1
3.4850939365392937,-0.270488737362799,0
-0.28060050472765063,1.7416751637391115,0
4.787761436130291,4.151576118114199,0
2.294249444607039,0.5562999494118707,0
-5.992525573308701,2.126489214595074,1
4.163066029847995,-1.8329110492729874,1
-3.8440006347577884,-4.11484549251741,1
0.5417856725921011,-1.1109904163807154,1
-0.8644567274165978,-1.6810826876027736,1
0.09415912574027148,1.1265784041004414,0
0.02764411756612005,0.13555697072580575,1
-5.81318242912059,1.0774320465433689,1
-2.37602561245778,2.353736042153462,0
-3.4103850309860184,-3.8099594441719744,1
2.1437004219867646,2.2204568967136455,0
-0.13334414359674565,-1.5745226947534126,1
-1.92666941615869,3.0713767473147024,0
-2.688780937413374,-1.9647709107613767,1
0.5466198641411286,0.07610992543103703,0
-4.69599943411478,1.1719514932337713,1
2.872057804501792,3.483816850091949,0
0.6076535928041247,1.2038984516347533,0
4.139214943071247,-3.734383863562708,1
2.8431079471229017,-1.2008581308045168,1
-1.0424107558947244,-0.31296946584348967,1
-0.15226085167603265,0.8861824918635262,0
-2.2382221700082336,-4.664405298802932,1
-0.2722424521813343,-0.4032824551851054,1
-0.4513358182196004,-3.772968647337618,1
2.1019507022894866,-0.04671289373961338,0
1.1134208131827563,5.724151448261546,0
-0.8748332257371457,1.8792068185100492,0
-2.0228748189110513,4.281707490895264,0
1.403627009541354,-0.37307183053342,1
-1.0528185474624696,1.9687855694177128,0
-1.8680737551346176,4.948722280381772,0
3.9793066450340886,-4.087147637805165,1
-1.3741967579795225,-0.4540332651653333,1
4.435748927953095,-1.0707715550271124,0
-0.1909606575042988,1.613019739069237,0
-0.9995653216527022,-0.03706721983966388,1
-4.377432027926283,-2.327324301038608,1
1.2355835150518748,-0.37694560475207295,1
0.010113170435157786,0.06344675692098938,1
-2.955371362491061,1.8442574450965297,0
0.05725130741983945,-0.45864869830423816,1
-6.04439283490177,1.2085597714920677,1
-2.462558098221302,4.180802261297274,0
0.4077347460769833,1.0460717395248535,0
-3.8741970152310006,-3.84680618021654,1
3.7806639551124377,-0.9976005431450117,0
-4.376678658659947,3.2681346254623294,0
2.02059260066971,-0.5012593515093173,0
-5.4881548961481545,-0.3891095316112385,1
-3.708310743724319,3.4412970122567286,0
3.835006188211754,-2.8464330159845868,1
0.008720048238638714,-0.08622528158649075,1
0.02200949170989416,-0.025093384852405733,1
1.0776448131120253,2.7959912303699803,0
-0.5011392216939559,-0.16023067066567326,1
0.41640040397282146,-4.69740364915238,1
0.9081394744082433,6.182008897955103,0
3.3342457932506195,-4.760596166509633,1
-1.7268161533293747,-1.5113069928007934,1
-5.476334997622651,-1.5509356953526117,1
-1.3084860089886352,-2.5787740294173225,1
2.3700605367296057,-0.7252438336698477,0
-1.1015651458919098,1.3452680465138933,0
0.28090815226327365,0.8340214446624388,0
1.782957932435171,4.336982597767983,0
-0.32112919638924486,-0.0020640368550245533,1
-3.3699239287786416,3.2031782034725365,0
2.622496416465095,2.2410980891966545,0
-2.1576443098602662,0.5400510843294165,1
3.1558254013636007,5.055687574171854,0
-0.33380503349217194,-0.29758257121903453,1
-1.5108002920789072,1.6113041256217007,0
-0.011497578843951452,0.5506215140981543,0
5.587343433105897,3.2189662115041315,0
2.0932282520463867,3.3677121277596163,0
2.52980171944823,1.8584546165811,0
4.630320960341022,0.9464701806242688,0
-1.2348514369719295,3.2491352822147768,0
-1.8237369994421446,3.3583656430209268,0
0.1487342131436459,-3.223203195334513,1
4.622709744186525,3.8695429787327598,0
0.4639871786791155,-2.39243536538405,1
-4.455249482790337,3.528583796660114,0
1.3622995981705193,1.390762145749179,0
1.6192593958958381,0.645178155083458,0
0.27822872168662544,0.162659065212451,1
-0.9397621730869657,3.1275279892461874,0
-1.506346151388891,5.179035353169508,0
